{
  "name": "Build GraphQL Query to Save Image Field",
  "description": "",
  "version": 15,
  "private": true,
  "concurrency": 1,
  "code": {
    "number": 0,
    "provider": "workato_recipe_function",
    "name": "execute",
    "as": "964190c5",
    "title": null,
    "description": null,
    "keyword": "trigger",
    "input": {
      "result_schema_json": "[{\"name\":\"GraphQLQuery\",\"type\":\"string\",\"optional\":false,\"label\":\"GraphQL Query\",\"control_type\":\"text\"}]",
      "parameters_schema_json": "[{\"control_type\":\"text\",\"label\":\"Item ID\",\"name\":\"ItemId\",\"type\":\"string\",\"optional\":false},{\"control_type\":\"text\",\"label\":\"Asset ID\",\"name\":\"AssetId\",\"type\":\"string\",\"optional\":false},{\"control_type\":\"text\",\"label\":\"Asset Identifier\",\"name\":\"AssetIdentifier\",\"type\":\"string\",\"optional\":false},{\"control_type\":\"text\",\"label\":\"Prompt\",\"name\":\"Prompt\",\"type\":\"string\",\"optional\":false},{\"control_type\":\"text\",\"label\":\"Public Link\",\"name\":\"PublicLink\",\"type\":\"string\",\"optional\":false},{\"control_type\":\"text\",\"label\":\"Dimensions\",\"name\":\"Dimensions\",\"type\":\"string\",\"optional\":false},{\"control_type\":\"text\",\"label\":\"Content Hub Base URL\",\"name\":\"ContentHubBaseURL\",\"type\":\"string\",\"optional\":false}]"
    },
    "extended_output_schema": [
      {
        "label": "Parameters",
        "name": "parameters",
        "properties": [
          {
            "control_type": "text",
            "label": "Item ID",
            "name": "ItemId",
            "type": "string",
            "optional": false
          },
          {
            "control_type": "text",
            "label": "Asset ID",
            "name": "AssetId",
            "type": "string",
            "optional": false
          },
          {
            "control_type": "text",
            "label": "Asset Identifier",
            "name": "AssetIdentifier",
            "type": "string",
            "optional": false
          },
          {
            "control_type": "text",
            "label": "Prompt",
            "name": "Prompt",
            "type": "string",
            "optional": false
          },
          {
            "control_type": "text",
            "label": "Public Link",
            "name": "PublicLink",
            "type": "string",
            "optional": false
          },
          {
            "control_type": "text",
            "label": "Dimensions",
            "name": "Dimensions",
            "type": "string",
            "optional": false
          },
          {
            "control_type": "text",
            "label": "Content Hub Base URL",
            "name": "ContentHubBaseURL",
            "type": "string",
            "optional": false
          }
        ],
        "type": "object"
      }
    ],
    "block": [
      {
        "number": 1,
        "provider": "workato_variable",
        "name": "declare_variable",
        "as": "89caec12",
        "title": "  Create variables width, height",
        "description": "Create variables <span class=\"provider\">width</span>, <span class=\"provider\">height</span>",
        "keyword": "action",
        "input": {
          "variables": {
            "schema": "[{\"name\":\"width\",\"type\":\"integer\",\"optional\":true,\"label\":\"width\",\"details\":{\"real_name\":\"width\"},\"control_type\":\"integer\"},{\"name\":\"height\",\"type\":\"integer\",\"optional\":true,\"label\":\"height\",\"details\":{\"real_name\":\"height\"},\"control_type\":\"integer\"}]",
            "data": {
              "width": "=_dp('{\"pill_type\":\"output\",\"provider\":\"workato_recipe_function\",\"line\":\"964190c5\",\"path\":[\"parameters\",\"Dimensions\"]}').split(\"x\")[0]",
              "height": "=_dp('{\"pill_type\":\"output\",\"provider\":\"workato_recipe_function\",\"line\":\"964190c5\",\"path\":[\"parameters\",\"Dimensions\"]}').split(\"x\")[1]"
            }
          }
        },
        "extended_output_schema": [
          {
            "control_type": "integer",
            "label": "width",
            "name": "width",
            "optional": true,
            "parse_output": "integer_conversion",
            "type": "integer",
            "details": {
              "real_name": "width"
            }
          },
          {
            "control_type": "integer",
            "label": "height",
            "name": "height",
            "optional": true,
            "parse_output": "integer_conversion",
            "type": "integer",
            "details": {
              "real_name": "height"
            }
          }
        ],
        "extended_input_schema": [
          {
            "add_field_label": "Add a variable",
            "control_type": "form-schema-builder",
            "empty_schema_title": "Add variables by giving them a name, type and default value",
            "exclude_fields": [
              "hint"
            ],
            "item_label": "variable",
            "label": "Variables",
            "mark_as_required": true,
            "name": "variables",
            "ngIf": "!input.name",
            "optional": true,
            "properties": [
              {
                "control_type": "text",
                "label": "Schema",
                "extends_schema": true,
                "broadcast_change_event": true,
                "type": "string",
                "name": "schema"
              },
              {
                "properties": [
                  {
                    "control_type": "integer",
                    "label": "width",
                    "parse_output": "integer_conversion",
                    "name": "width",
                    "type": "integer",
                    "optional": true,
                    "details": {
                      "real_name": "width"
                    },
                    "hint": "Defaults to nil if not supplied.",
                    "sticky": true
                  },
                  {
                    "control_type": "integer",
                    "label": "height",
                    "parse_output": "integer_conversion",
                    "name": "height",
                    "type": "integer",
                    "optional": true,
                    "details": {
                      "real_name": "height"
                    },
                    "hint": "Defaults to nil if not supplied.",
                    "sticky": true
                  }
                ],
                "label": "Data",
                "type": "object",
                "name": "data"
              }
            ],
            "type": "object"
          }
        ],
        "visible_config_fields": [
          "variables.data.width",
          "variables",
          "variables.schema",
          "variables.data.height"
        ],
        "uuid": "c3c62b71-e586-4758-8862-41a73901abde"
      },
      {
        "number": 2,
        "provider": "js_eval",
        "name": "invoke_custom_js_code",
        "as": "561d3c3b",
        "title": null,
        "description": "Execute <span class=\"provider\">JavaScript</span> code: <span class=\"provider\">JSON Stringify</span>",
        "keyword": "action",
        "input": {
          "code": "exports.main = async ({ rawText }) => {\n  // Escape the input string to make it JSON-safe\n  const escapedString = JSON.stringify(rawText);\n\n  // Return the escaped string\n  return {\n    escapedString: escapedString\n  };\n}",
          "name": "JSON Stringify",
          "code_input": {
            "schema": "[{\"name\":\"rawText\",\"type\":\"string\",\"optional\":true,\"label\":\"rawText\",\"details\":{\"real_name\":\"rawText\"},\"control_type\":\"text\"}]",
            "data": {
              "rawText": "=\"<image src=\\\"\"+_dp('{\"pill_type\":\"output\",\"provider\":\"workato_recipe_function\",\"line\":\"964190c5\",\"path\":[\"parameters\",\"PublicLink\"]}')+\"\\\" dam-id=\\\"\"+_dp('{\"pill_type\":\"output\",\"provider\":\"workato_recipe_function\",\"line\":\"964190c5\",\"path\":[\"parameters\",\"AssetIdentifier\"]}')+\"\\\" width=\\\"\"+_dp('{\"pill_type\":\"output\",\"provider\":\"workato_variable\",\"line\":\"89caec12\",\"path\":[\"width\"]}')+\"\\\" height=\\\"\"+_dp('{\"pill_type\":\"output\",\"provider\":\"workato_variable\",\"line\":\"89caec12\",\"path\":[\"height\"]}')+\"\\\" alt=\\\"\"+_dp('{\"pill_type\":\"output\",\"provider\":\"workato_recipe_function\",\"line\":\"964190c5\",\"path\":[\"parameters\",\"Prompt\"]}')+\"\\\" dam-content-type=\\\"Image\\\" thumbnailsrc=\\\"\"+_dp('{\"pill_type\":\"output\",\"provider\":\"workato_recipe_function\",\"line\":\"964190c5\",\"path\":[\"parameters\",\"ContentHubBaseURL\"]}')+\"/api/gateway/\"+_dp('{\"pill_type\":\"output\",\"provider\":\"workato_recipe_function\",\"line\":\"964190c5\",\"path\":[\"parameters\",\"AssetId\"]}')+\"/thumbnail\\\" />\""
            }
          },
          "code_output_schema_json": "[{\"name\":\"escapedString\",\"type\":\"string\",\"optional\":false,\"control_type\":\"text\",\"label\":\"Escaped string\"}]"
        },
        "extended_output_schema": [
          {
            "label": "Output",
            "name": "output",
            "properties": [
              {
                "control_type": "text",
                "label": "Escaped string",
                "name": "escapedString",
                "type": "string",
                "optional": false
              }
            ],
            "type": "object"
          }
        ],
        "extended_input_schema": [
          {
            "control_type": "form-schema-builder",
            "hint": "Define the input fields that will be passed to your JavaScript code",
            "label": "Input fields",
            "name": "code_input",
            "optional": true,
            "override": true,
            "properties": [
              {
                "control_type": "text",
                "label": "Schema",
                "extends_schema": true,
                "type": "string",
                "name": "schema"
              },
              {
                "properties": [
                  {
                    "control_type": "text",
                    "label": "rawText",
                    "name": "rawText",
                    "type": "string",
                    "optional": true,
                    "details": {
                      "real_name": "rawText"
                    }
                  }
                ],
                "label": "Data",
                "type": "object",
                "name": "data"
              }
            ],
            "sticky": true,
            "type": "object"
          }
        ],
        "visible_config_fields": [
          "name",
          "code_input",
          "code_output_schema_json",
          "code",
          "code_input.data.rawText"
        ],
        "uuid": "78a4a953-61cd-47ff-88de-7cebcb166122"
      },
      {
        "number": 3,
        "provider": "workato_variable",
        "name": "declare_variable",
        "as": "b174c958",
        "title": "  Create variable Image Field Value",
        "description": "Create variable <span class=\"provider\">Image Field Value</span>",
        "keyword": "action",
        "input": {
          "variables": {
            "schema": "[{\"name\":\"image_field_value\",\"type\":\"string\",\"optional\":true,\"label\":\"Image Field Value\",\"details\":{\"real_name\":\"Image Field Value\"},\"control_type\":\"text\"}]",
            "data": {
              "image_field_value": "#{_dp('{\"pill_type\":\"output\",\"provider\":\"js_eval\",\"line\":\"561d3c3b\",\"path\":[\"output\",\"escapedString\"]}')}"
            }
          }
        },
        "extended_output_schema": [
          {
            "control_type": "text",
            "label": "Image Field Value",
            "name": "image_field_value",
            "optional": true,
            "type": "string",
            "details": {
              "real_name": "Image Field Value"
            }
          }
        ],
        "extended_input_schema": [
          {
            "add_field_label": "Add a variable",
            "control_type": "form-schema-builder",
            "empty_schema_title": "Add variables by giving them a name, type and default value",
            "exclude_fields": [
              "hint"
            ],
            "item_label": "variable",
            "label": "Variables",
            "mark_as_required": true,
            "name": "variables",
            "ngIf": "!input.name",
            "optional": true,
            "properties": [
              {
                "control_type": "text",
                "label": "Schema",
                "extends_schema": true,
                "broadcast_change_event": true,
                "type": "string",
                "name": "schema"
              },
              {
                "properties": [
                  {
                    "control_type": "text",
                    "label": "Image Field Value",
                    "name": "image_field_value",
                    "type": "string",
                    "optional": true,
                    "details": {
                      "real_name": "Image Field Value"
                    },
                    "hint": "Defaults to nil if not supplied.",
                    "sticky": true
                  }
                ],
                "label": "Data",
                "type": "object",
                "name": "data"
              }
            ],
            "type": "object"
          }
        ],
        "visible_config_fields": [
          "variables.data.image_field_value"
        ],
        "uuid": "c674797c-a705-4a66-83c8-7d99602d7ee9"
      },
      {
        "number": 4,
        "provider": "js_eval",
        "name": "invoke_custom_js_code",
        "as": "747e2fff",
        "title": null,
        "description": "Execute <span class=\"provider\">JavaScript</span> code: <span class=\"provider\">JSON Stringify</span>",
        "keyword": "action",
        "input": {
          "code": "exports.main = async ({ rawText }) => {\n  // Escape the input string to make it JSON-safe\n  const escapedString = JSON.stringify(rawText);\n\n  // Return the escaped string\n  return {\n    escapedString: escapedString\n  };\n}",
          "name": "JSON Stringify",
          "code_input": {
            "schema": "[{\"name\":\"rawText\",\"type\":\"string\",\"optional\":true,\"label\":\"rawText\",\"details\":{\"real_name\":\"rawText\"},\"control_type\":\"text\"}]",
            "data": {
              "rawText": "mutation { updateItem( input: { itemId: \"#{_dp('{\"pill_type\":\"output\",\"provider\":\"workato_recipe_function\",\"line\":\"964190c5\",\"path\":[\"parameters\",\"ItemId\"]}')}\" fields: [ { name: \"Image\", value: #{_dp('{\"pill_type\":\"output\",\"provider\":\"workato_variable\",\"line\":\"b174c958\",\"path\":[\"image_field_value\"]}')}} ] } ) { item { itemId name path } } }"
            }
          },
          "code_output_schema_json": "[{\"name\":\"escapedString\",\"type\":\"string\",\"optional\":false,\"control_type\":\"text\",\"label\":\"Escaped string\"}]"
        },
        "extended_output_schema": [
          {
            "label": "Output",
            "name": "output",
            "properties": [
              {
                "control_type": "text",
                "label": "Escaped string",
                "name": "escapedString",
                "type": "string",
                "optional": false
              }
            ],
            "type": "object"
          }
        ],
        "extended_input_schema": [
          {
            "control_type": "form-schema-builder",
            "hint": "Define the input fields that will be passed to your JavaScript code",
            "label": "Input fields",
            "name": "code_input",
            "optional": true,
            "override": true,
            "properties": [
              {
                "control_type": "text",
                "label": "Schema",
                "extends_schema": true,
                "type": "string",
                "name": "schema"
              },
              {
                "properties": [
                  {
                    "control_type": "text",
                    "label": "rawText",
                    "name": "rawText",
                    "type": "string",
                    "optional": true,
                    "details": {
                      "real_name": "rawText"
                    }
                  }
                ],
                "label": "Data",
                "type": "object",
                "name": "data"
              }
            ],
            "sticky": true,
            "type": "object"
          }
        ],
        "visible_config_fields": [
          "name",
          "code_input",
          "code_output_schema_json",
          "code",
          "code_input.data.rawText"
        ],
        "uuid": "1949c3a6-9b0d-40c2-ba2f-cb87a5bfadf8"
      },
      {
        "number": 5,
        "provider": "workato_variable",
        "name": "declare_variable",
        "as": "b9ea057d",
        "title": "  Create variable GraphQL Query",
        "description": "Create variable <span class=\"provider\">GraphQL Query</span>",
        "keyword": "action",
        "input": {
          "variables": {
            "schema": "[{\"name\":\"graph_ql_query\",\"type\":\"string\",\"optional\":true,\"label\":\"GraphQL Query\",\"details\":{\"real_name\":\"GraphQL Query\"},\"control_type\":\"text\"}]",
            "data": {
              "graph_ql_query": "#{_dp('{\"pill_type\":\"output\",\"provider\":\"js_eval\",\"line\":\"747e2fff\",\"path\":[\"output\",\"escapedString\"]}')}"
            }
          }
        },
        "extended_output_schema": [
          {
            "control_type": "text",
            "label": "GraphQL Query",
            "name": "graph_ql_query",
            "optional": true,
            "type": "string",
            "details": {
              "real_name": "GraphQL Query"
            }
          }
        ],
        "extended_input_schema": [
          {
            "add_field_label": "Add a variable",
            "control_type": "form-schema-builder",
            "empty_schema_title": "Add variables by giving them a name, type and default value",
            "exclude_fields": [
              "hint"
            ],
            "item_label": "variable",
            "label": "Variables",
            "mark_as_required": true,
            "name": "variables",
            "ngIf": "!input.name",
            "optional": true,
            "properties": [
              {
                "control_type": "text",
                "label": "Schema",
                "extends_schema": true,
                "broadcast_change_event": true,
                "type": "string",
                "name": "schema"
              },
              {
                "properties": [
                  {
                    "control_type": "text",
                    "label": "GraphQL Query",
                    "name": "graph_ql_query",
                    "type": "string",
                    "optional": true,
                    "details": {
                      "real_name": "GraphQL Query"
                    },
                    "hint": "Defaults to nil if not supplied.",
                    "sticky": true
                  }
                ],
                "label": "Data",
                "type": "object",
                "name": "data"
              }
            ],
            "type": "object"
          }
        ],
        "visible_config_fields": [
          "variables.data.graph_ql_query"
        ],
        "uuid": "c410dc09-4123-4a59-b132-54e516f4e500"
      },
      {
        "number": 6,
        "provider": "workato_recipe_function",
        "name": "return_result",
        "as": "cf4097ae",
        "title": null,
        "description": null,
        "keyword": "action",
        "input": {
          "result": {
            "GraphQLQuery": "#{_dp('{\"pill_type\":\"output\",\"provider\":\"workato_variable\",\"line\":\"b9ea057d\",\"path\":[\"graph_ql_query\"]}')}"
          }
        },
        "extended_output_schema": [
          {
            "label": "Result",
            "name": "result",
            "properties": [
              {
                "control_type": "text",
                "label": "GraphQL Query",
                "name": "GraphQLQuery",
                "type": "string",
                "optional": false
              }
            ],
            "type": "object"
          }
        ],
        "extended_input_schema": [
          {
            "label": "Result",
            "name": "result",
            "properties": [
              {
                "control_type": "text",
                "label": "GraphQL Query",
                "name": "GraphQLQuery",
                "type": "string",
                "optional": false
              }
            ],
            "type": "object"
          }
        ],
        "uuid": "fa72a532-656b-4355-a30e-aac3cbf39e73"
      }
    ],
    "uuid": "984ae7d3-bdd1-471c-b326-4b35822bd6cd",
    "unfinished": false
  },
  "config": [
    {
      "keyword": "application",
      "provider": "workato_recipe_function",
      "skip_validation": false,
      "account_id": null
    },
    {
      "keyword": "application",
      "provider": "workato_variable",
      "skip_validation": false,
      "account_id": null
    },
    {
      "keyword": "application",
      "provider": "js_eval",
      "skip_validation": false,
      "account_id": null
    }
  ]
}